"PCoA","VarExplained"
"1",1,0.102480712384745
"2",2,0.076889578237341
