"PCoA","VarExplained"
"1",1,0.147315537439253
"2",2,0.0962322435037677
