"V1","V2","pValue","FDR","pCorr","V1zeros","V1nonZeros","V1mean","V1sd","V1median","V2zeros","V2nonZeros","V2mean","V2sd","V2median","V1minusV2","feature"
"RND.PAIR","PAR_CH",0.959318564707983,0.959318564707983,1,0,2000,0.819466787892987,0.187737364226019,0.87981699683642,0,301,0.813979818101543,0.198866595846648,0.878097064628121,0.00548696979144403,"BC_VF"
"RND.PAIR","SIBL",0.413896368519284,0.816952226157965,1,0,2000,0.819466787892987,0.187737364226019,0.87981699683642,0,301,0.809006187852531,0.191830741667287,0.858277724817286,0.0104606000404557,"BC_VF"
"PAR_CH","SIBL",0.544634817438644,0.816952226157965,1,0,301,0.813979818101543,0.198866595846648,0.878097064628121,0,301,0.809006187852531,0.191830741667287,0.858277724817286,0.00497363024901165,"BC_VF"
